{
    "metrics": {
        "_routing": {
            "required": true
        },
        "properties": {
            "tenantId": {
                "type": "string",
                "index": "not_analyzed"
            },
            "unit": {
                "type": "string",
                "index": "not_analyzed"
            },
            "metric_name": {
                "index_analyzer": "prefix-test-analyzer",
                "search_analyzer": "keyword",
                "type": "string"
            }
        }
    }
}