<!--
  ~ Licensed to the Apache Software Foundation (ASF) under one or more
  ~ contributor license agreements.  See the NOTICE file distributed with
  ~ this work for additional information regarding copyright ownership.
  ~ The ASF licenses this file to You under the Apache License, Version 2.0
  ~ (the "License"); you may not use this file except in compliance with
  ~ the License.  You may obtain a copy of the License at
  ~
  ~     http://www.apache.org/licenses/LICENSE-2.0
  ~
  ~ Unless required by applicable law or agreed to in writing, software
  ~ distributed under the License is distributed on an "AS IS" BASIS,
  ~ WITHOUT WARRANTIES OR CONDITIONS OF ANY KIND, either express or implied.
  ~ See the License for the specific language governing permissions and
  ~ limitations under the License.
  -->

<settings xmlns="http://maven.apache.org/SETTINGS/1.0.0" xmlns:xsi="http://www.w3.org/2001/XMLSchema-instance"
  xsi:schemaLocation="http://maven.apache.org/SETTINGS/1.0.0 http://maven.apache.org/xsd/settings-1.0.0.xsd">
  <servers>
    <server>
      <id>apache.snapshots.https</id>
      <username>${env.SONATYPE_USERNAME}</username>
      <password>${env.SONATYPE_PASSWORD}</password>
    </server>
    <server>
      <id>apache.releases.https</id>
      <username>${env.SONATYPE_USERNAME}</username>
      <password>${env.SONATYPE_PASSWORD}</password>
    </server>
  </servers>
  <profiles>
    <profile>
      <id>passphrase</id> <!-- give it the name of your project -->
      <properties>
        <gpg.homedir>/home/travis/build/apache/incubator-servicecomb-java-chassis</gpg.homedir>
        <gpg.keyname>2DE9D2F9</gpg.keyname>
        <gpg.passphrase>${MYPASSP}</gpg.passphrase>
      </properties>
    </profile>
  </profiles>
</settings>
