<?xml version="1.0"?>
<!DOCTYPE suppressions PUBLIC "-//Puppy Crawl//DTD Suppressions 1.1//EN"
    "http://www.puppycrawl.com/dtds/suppressions_1_1.dtd">
<suppressions>
  <!-- relax rules in unit tests, we need less docs and magic numbers are commonplace in tests -->
  <suppress
      checks="JavadocMethod|IllegalInstantiation|IllegalThrows|MagicNumber|ClassFanOutComplexity|ClassDataAbstractionCoupling"
      files=".*Mock.*java|.*Test.java|.*TestDataProvider.java"/>

  <!--Suppress checks for ANTLR generated code-->
  <suppress checks="[a-zA-Z0-9]*" files=".*generated.sources.antlr4.*java"/>

  <!-- relax rules in package info files, they are not real classes -->
  <suppress checks="RegexpHeader" files=".*package-info.java"/>
  <suppress checks="RegexpHeader" files=".*properties"/>
  <suppress checks="ReturnCount" files=".*.java"/>
  <suppress checks="[a-zA-Z0-9]*" files=".*GraphiteReporter.java"/>
  <suppress checks="[a-zA-Z0-9]*" files=".*MemoryConservingIdleStateHandler.java"/>
  <suppress checks="[a-zA-Z0-9]*" files=".*Buffer.java"/>
  <suppress checks="[a-zA-Z0-9]*" files=".*MetricsModule.java"/>
  <suppress checks="[a-zA-Z0-9]*" files=".*CookieUtil.java"/>
  <suppress checks="[a-zA-Z0-9]*" files=".*ServerCookieEncoder.java"/>

  <suppress checks="InnerTypeLastCheck" files=".*.java"/>
  <suppress checks="DeclarationOrder" files=".*.java"/>

  <!-- String instantiation is the normal way to convert from a byte array to a UTF-8 String -->
  <suppress checks="IllegalInstantiation" files="AdminServiceSupplier.java|FullHttpMessage.java"/>
  <!-- Checkstyle seems to be confused by switch statements -->
  <suppress checks="Indentation" files="ApacheLogFormat.java"/>
  <suppress checks="CyclomaticComplexity" files="ApacheLogFormat.java"/>
  <!--  StyxServer uses System.err.println when main methods receives invalid args -->
  <suppress checks="RegexpSingleline" files="StyxServer.java"/>

  <suppress checks="FileLength" files="HttpRequest.java"/>
  <suppress checks="MethodLength" files="ConnectionPoolFactory.java"/>

  <suppress checks="ParameterNumber" files=".*StartupConfig.java|.*ProxyServiceSupplier.java"/>

  <suppress checks="RegexpSingleline" id="InvalidLoggingMethod_Error" files="LOGBackConfigurer.java"/>

  <suppress checks="VisibilityModifier" files=".*.java"/>

  <suppress checks="IllegalInstantiation" files="FileBackedRegistry.java" />
</suppressions>
