<assembly xmlns="http://maven.apache.org/plugins/maven-assembly-plugin/assembly/1.1.0"
	xmlns:xsi="http://www.w3.org/2001/XMLSchema-instance"
	xsi:schemaLocation="http://maven.apache.org/plugins/maven-assembly-plugin/assembly/1.1.0 http://maven.apache.org/xsd/assembly-1.1.0.xsd">
	<id>bin</id>
	<formats>
		<format>tar.gz</format>
		<format>zip</format>
	</formats>
	<fileSets>
		<fileSet>
			<directory>${project.basedir}</directory>
			<outputDirectory>/</outputDirectory>
			<includes>
				<include>README*</include>
				<include>LICENSE*</include>
				<include>NOTICE*</include>
			</includes>
		</fileSet>
		<fileSet>
			<directory>${project.build.directory}/appassembler/bin</directory>
			<outputDirectory>bin</outputDirectory>
			<includes>
				<include>*</include>
			</includes>
			<fileMode>744</fileMode>
		</fileSet>
		<fileSet>
			<directory>${project.build.directory}/appassembler</directory>
			<outputDirectory>/</outputDirectory>
			<excludes>
				<exclude>bin/**</exclude>
			</excludes>
			<includes>
				<include>**/**</include>
			</includes>
		</fileSet>
		<fileSet>
			<directory>${project.build.directory}/site</directory>
			<outputDirectory>docs</outputDirectory>
		</fileSet>
	</fileSets>
</assembly>