<?xml version="1.0" encoding="UTF-8" ?>
<!DOCTYPE mapper PUBLIC "-//mybatis.org//DTD Mapper 3.0//EN"
        "http://mybatis.org/dtd/mybatis-3-mapper.dtd" >
<mapper namespace="com.vip.saturn.job.console.mybatis.repository.PermissionRepository">

    <resultMap id="baseResultMap" type="com.vip.saturn.job.console.mybatis.entity.Permission">
        <result column="permission_key" property="permissionKey" jdbcType="VARCHAR"/>
        <result column="permission_name" property="permissionName" jdbcType="VARCHAR"/>
        <result column="description" property="description" jdbcType="VARCHAR"/>
        <result column="created_by" property="createdBy" jdbcType="VARCHAR"/>
        <result column="create_time" property="createTime" jdbcType="TIMESTAMP"/>
        <result column="last_updated_by" property="lastUpdatedBy" jdbcType="VARCHAR"/>
        <result column="last_update_time" property="lastUpdateTime" jdbcType="TIMESTAMP"/>
        <result column="is_deleted" property="isDeleted" jdbcType="BOOLEAN"/>
    </resultMap>

    <insert id="insert" parameterType="com.vip.saturn.job.console.mybatis.entity.Permission">
        INSERT INTO `permission`(`permission_key`, `permission_name`, `description`, `created_by`, `create_time`,
        `last_updated_by`, `last_update_time`, `is_deleted`)
        VALUES(#{permissionKey, jdbcType=VARCHAR}, #{permissionName, jdbcType=VARCHAR},
        #{description, jdbcType=VARCHAR},
        #{createdBy, jdbcType=VARCHAR}, #{createTime, jdbcType=TIMESTAMP}, #{lastUpdatedBy, jdbcType=VARCHAR},
        #{lastUpdateTime, jdbcType=TIMESTAMP}, #{isDeleted, jdbcType=BOOLEAN})
    </insert>

    <sql id="selectAllSql">
        SELECT `permission_key`, `permission_name`, `description`, `created_by`, `create_time`, `last_updated_by`,
        `last_update_time`, `is_deleted` FROM `permission`
    </sql>

    <select id="selectAll" resultMap="baseResultMap">
        <include refid="selectAllSql"></include>
        WHERE `is_deleted` = '0'
    </select>

    <select id="selectByKey" resultMap="baseResultMap">
        <include refid="selectAllSql"></include>
        WHERE
        `permission_key` = #{permissionKey, jdbcType=VARCHAR} AND
        `is_deleted` = '0'
    </select>

</mapper>