<?xml version="1.0" encoding="UTF-8"?>
<document xmlns="http://maven.apache.org/XDOC/2.0" xmlns:xsi="http://www.w3.org/2001/XMLSchema-instance"
	xsi:schemaLocation="http://maven.apache.org/XDOC/2.0 http://maven.apache.org/xsd/xdoc-2.0.xsd">

	<properties>
		<title>ff4j-jmx</title>
	</properties>

	<body>
		<section name="ff4j-jmx">
			<subsection name="Introduction">
				<p>
					This component provides JMX support to work with features
				</p>
			</subsection>
			<subsection name="Quality Reports">
				<p>Here are the quality reports generated by Maven.</p>
				<table border="0" class="bodyTable">
					<tr class="a">
						<th>Document</th>
						<th>Description</th>
					</tr>
					<tr class="b">
						<td>
							<a href="cobertura/index.html">Cobertura Test Coverage</a>
						</td>
						<td>Cobertura Test Coverage Report.</td>
					</tr>
					<tr class="a">
						<td>
							<a href="surefire-report.html">Surefire Report</a>
						</td>
						<td>Report on the test results of the project.</td>
					</tr>
					<tr class="b">
						<td>
							<a href="apidocs/index.html">JavaDocs</a>
						</td>
						<td>JavaDoc API documentation.</td>
					</tr>
					<tr class="a">
						<td>
							<a href="xref/index.html">Source Xref</a>
						</td>
						<td>HTML based, cross-reference version of Java source code.</td>
					</tr>
					<tr class="b">
						<td>
							<a href="pmd.html">PMD Report</a>
						</td>
						<td>Verification of coding rules.</td>
					</tr>
					<tr class="a">
						<td>
							<a href="cpd.html">CPD Report</a>
						</td>
						<td>Duplicate code detection.</td>
					</tr>
					<tr class="b">
						<td>
							<a href="findbugs.html">FindBugs Report</a>
						</td>
						<td>Generates a source code report with the FindBugs Library.</td>
					</tr>
					<tr class="a">
						<td>
							<a href="taglist.html">Tag List</a>
						</td>
						<td>Report on various tags found in the code.</td>
					</tr>
					<tr class="b">
						<td>
							<a href="dependencies.html">Dependencies</a>
						</td>
						<td>List the maven dependencies of the following component</td>
					</tr>
				</table>
			</subsection>
		</section>
	</body>

</document>