<?xml version="1.0" encoding="UTF-8"?>
<!--
  ~ Licensed to the Apache Software Foundation (ASF) under one or more
  ~ contributor license agreements.  See the NOTICE file distributed with
  ~ this work for additional information regarding copyright ownership.
  ~ The ASF licenses this file to You under the Apache License, Version 2.0
  ~ (the "License"); you may not use this file except in compliance with
  ~ the License.  You may obtain a copy of the License at
  ~
  ~     http://www.apache.org/licenses/LICENSE-2.0
  ~
  ~ Unless required by applicable law or agreed to in writing, software
  ~ distributed under the License is distributed on an "AS IS" BASIS,
  ~ WITHOUT WARRANTIES OR CONDITIONS OF ANY KIND, either express or implied.
  ~ See the License for the specific language governing permissions and
  ~ limitations under the License.
  -->

<beans xmlns="http://www.springframework.org/schema/beans"
  xmlns:xsi="http://www.w3.org/2001/XMLSchema-instance"
  xmlns:cse="http://www.huawei.com/schema/paas/cse/rpc"
  xsi:schemaLocation="http://www.springframework.org/schema/beans classpath:org/springframework/beans/factory/xml/spring-beans-3.0.xsd

		http://www.huawei.com/schema/paas/cse/rpc classpath:META-INF/spring/spring-paas-cse-rpc.xsd">

  <cse:rpc-reference id="smartcare" microservice-name="pojo"
    schema-id="smartcare" interface="org.apache.servicecomb.demo.smartcare.SmartCare"></cse:rpc-reference>

  <cse:rpc-reference id="server" microservice-name="pojo"
    schema-id="server" interface="org.apache.servicecomb.demo.server.Test"></cse:rpc-reference>

  <bean class="org.apache.servicecomb.demo.pojo.client.PojoClient">
    <property name="testFromXml" ref="server"></property>
  </bean>

  <cse:rpc-reference id="codeFirstFromXml" microservice-name="pojo"
    schema-id="org.apache.servicecomb.demo.CodeFirstPojoIntf"></cse:rpc-reference>

  <bean class="org.apache.servicecomb.demo.pojo.client.CodeFirstPojoClient">
  </bean>

  <bean class="org.apache.servicecomb.demo.pojo.client.BeanRpcTest" init-method="init">
  </bean>
</beans>
