<?xml version="1.0" encoding="utf-8"?>
<manifest xmlns:android="http://schemas.android.com/apk/res/android" android:versionCode="1" android:versionName="0.17.0" package="io.selendroid">

    <uses-sdk android:minSdkVersion="10"/>

    <instrumentation android:name="io.selendroid.server.ServerInstrumentation" android:targetPackage="io.selendroid.testapp"/>
    <instrumentation android:name="io.selendroid.server.LightweightInstrumentation" android:targetPackage="io.selendroid.testapp"/>

    <uses-permission android:name="android.permission.INTERNET"/>
    <uses-permission android:name="android.permission.WRITE_EXTERNAL_STORAGE"/>
    <uses-permission android:name="android.permission.ACCESS_MOCK_LOCATION"/>
    <uses-permission android:name="android.permission.INJECT_EVENTS"/>
    <uses-permission android:name="android.permission.WAKE_LOCK"/>
    <uses-permission android:name="android.permission.WRITE_CALL_LOG"/>

    <application android:debuggable="true" android:icon="@drawable/selenium_icon" android:label="Selendroid">
        <uses-library android:name="android.test.runner"/>
    </application>

</manifest>
